{
  "runs": 336,
  "tick_seconds": 1.0,
  "lat_ms_mean": 0.20832663988455483,
  "lat_ms_p50": 0.20313149980211165,
  "lat_ms_p95": 0.3577924999262905,
  "lat_ms_p99": 0.514110347648966,
  "jitter_ms_p95_p50": 0.15466100012417883,
  "lat_ms_min": 0.07830799950170331,
  "lat_ms_max": 0.9568419991410337,
  "overrun_rate": 0.0,
  "headroom_mean": 0.9997916733601154,
  "headroom_p95": 0.9996422075000737,
  "rss_mb_max": 53.837824,
  "rss_mb_p50": 53.837824,
  "rss_mb_p95": 53.837824,
  "cpu_util_pct_appx": 0.06839002559657918,
  "runtime_name": "LiteRT",
  "ts": 1755214494,
  "model_path": "/models/TinyFormer/TinyFormer_fp32.tflite",
  "stream_path": "/data/streams/edge_stream_low.npy",
  "threads": 1,
  "out_dir": "/results/mimic_TinyFormer_fp32_low",
  "model_size_mb": 0.318
}