{
  "runs": 336,
  "tick_seconds": 1.0,
  "lat_ms_mean": 0.845031925564399,
  "lat_ms_p50": 0.7757695002510445,
  "lat_ms_p95": 1.4519212509185309,
  "lat_ms_p99": 1.6918401512157286,
  "jitter_ms_p95_p50": 0.6761517506674863,
  "lat_ms_min": 0.3527690023474861,
  "lat_ms_max": 1.8661009999050293,
  "overrun_rate": 0.0,
  "headroom_mean": 0.9991549680744356,
  "headroom_p95": 0.9985480787490815,
  "rss_mb_max": 58.003456,
  "rss_mb_p50": 58.003456,
  "rss_mb_p95": 58.003456,
  "cpu_util_pct_appx": 0.12490026461571167,
  "runtime_name": "LiteRT",
  "ts": 1755212469,
  "model_path": "/models/LSTM/LSTM_int8_dynamic.tflite",
  "stream_path": "/data/streams/edge_stream_low.npy",
  "threads": 1,
  "out_dir": "/results/mimic_LSTM_int8_dynamic_low",
  "model_size_mb": 0.274
}