{
  "runs": 336,
  "tick_seconds": 1.0,
  "lat_ms_mean": 0.8657980745283567,
  "lat_ms_p50": 0.7769055009703152,
  "lat_ms_p95": 1.5361812520495732,
  "lat_ms_p99": 1.8356304484768766,
  "jitter_ms_p95_p50": 0.759275751079258,
  "lat_ms_min": 0.3553750029823277,
  "lat_ms_max": 3.3240269985981286,
  "overrun_rate": 0.0,
  "headroom_mean": 0.9991342019254716,
  "headroom_p95": 0.9984638187479504,
  "rss_mb_max": 58.376192,
  "rss_mb_p50": 58.376192,
  "rss_mb_p95": 58.376192,
  "cpu_util_pct_appx": 0.1248936622231265,
  "runtime_name": "LiteRT",
  "ts": 1755213144,
  "model_path": "/models/LSTM/LSTM_int8_dynamic.tflite",
  "stream_path": "/data/streams/edge_stream_high.npy",
  "threads": 1,
  "out_dir": "/results/mimic_LSTM_int8_dynamic_high",
  "model_size_mb": 0.274
}