{
  "runs": 336,
  "tick_seconds": 1.0,
  "lat_ms_mean": 0.16277888093576448,
  "lat_ms_p50": 0.15233300109684933,
  "lat_ms_p95": 0.29857499976060353,
  "lat_ms_p99": 0.3817854007138521,
  "jitter_ms_p95_p50": 0.1462419986637542,
  "lat_ms_min": 0.06853100057924166,
  "lat_ms_max": 0.6359190010698512,
  "overrun_rate": 0.0,
  "headroom_mean": 0.9998372211190643,
  "headroom_p95": 0.9997014250002394,
  "rss_mb_max": 53.714944,
  "rss_mb_p50": 53.714944,
  "rss_mb_p95": 53.714944,
  "cpu_util_pct_appx": 0.06245221323868688,
  "runtime_name": "LiteRT",
  "ts": 1755220905,
  "model_path": "/models/LiPFormer/LiPFormer_int8_dynamic.tflite",
  "stream_path": "/data/streams/edge_stream_med.npy",
  "threads": 1,
  "out_dir": "/results/mimic_LiPFormer_int8_dynamic_med",
  "model_size_mb": 0.144
}