{
  "runs": 336,
  "tick_seconds": 1.0,
  "lat_ms_mean": 0.22521422316198628,
  "lat_ms_p50": 0.20922499970765784,
  "lat_ms_p95": 0.4045765008413582,
  "lat_ms_p99": 0.6596105000426171,
  "jitter_ms_p95_p50": 0.19535150113370037,
  "lat_ms_min": 0.08411299859290011,
  "lat_ms_max": 1.0012360035034362,
  "overrun_rate": 0.0,
  "headroom_mean": 0.999774785776838,
  "headroom_p95": 0.9995954234991586,
  "rss_mb_max": 53.587968,
  "rss_mb_p50": 53.587968,
  "rss_mb_p95": 53.587968,
  "cpu_util_pct_appx": 0.06839437725515929,
  "runtime_name": "LiteRT",
  "ts": 1755226304,
  "model_path": "/models/LiteFormer/LiteFormer_int8_full.tflite",
  "stream_path": "/data/streams/edge_stream_high.npy",
  "threads": 1,
  "out_dir": "/results/mimic_LiteFormer_int8_full_high",
  "model_size_mb": 0.123
}