{
  "runs": 336,
  "tick_seconds": 1.0,
  "lat_ms_mean": 0.2102860773036463,
  "lat_ms_p50": 0.20759649851243012,
  "lat_ms_p95": 0.3661617511170334,
  "lat_ms_p99": 0.4524407006101675,
  "jitter_ms_p95_p50": 0.1585652526046033,
  "lat_ms_min": 0.08057599916355684,
  "lat_ms_max": 0.8986409993667621,
  "overrun_rate": 0.0,
  "headroom_mean": 0.9997897139226963,
  "headroom_p95": 0.999633838248883,
  "rss_mb_max": 53.833728,
  "rss_mb_p50": 53.833728,
  "rss_mb_p95": 53.833728,
  "cpu_util_pct_appx": 14.848395956892485,
  "runtime_name": "LiteRT",
  "ts": 1755223604,
  "model_path": "/models/LiteFormer/LiteFormer_fp16.tflite",
  "stream_path": "/data/streams/edge_stream_low.npy",
  "threads": 1,
  "out_dir": "/results/mimic_LiteFormer_fp16_low",
  "model_size_mb": 0.192
}