{
  "runs": 336,
  "tick_seconds": 1.0,
  "lat_ms_mean": 1.910457425592107,
  "lat_ms_p50": 2.034767499026202,
  "lat_ms_p95": 2.867172249352734,
  "lat_ms_p99": 3.180747250462443,
  "jitter_ms_p95_p50": 0.8324047503265319,
  "lat_ms_min": 0.8175269995263079,
  "lat_ms_max": 3.366281000126037,
  "overrun_rate": 0.0,
  "headroom_mean": 0.9980895425744079,
  "headroom_p95": 0.9971328277506473,
  "rss_mb_max": 67.62496,
  "rss_mb_p50": 67.62496,
  "rss_mb_p95": 67.62496,
  "cpu_util_pct_appx": 0.2289270387461102,
  "runtime_name": "LiteRT",
  "ts": 1755210782,
  "model_path": "/models/LSTM/LSTM_fp32.tflite",
  "stream_path": "/data/streams/edge_stream_med.npy",
  "threads": 1,
  "out_dir": "/results/mimic_LSTM_fp32_med",
  "model_size_mb": 0.478
}