{
  "runs": 336,
  "tick_seconds": 1.0,
  "lat_ms_mean": 0.20052847918079697,
  "lat_ms_p50": 0.1948455010278849,
  "lat_ms_p95": 0.3275837498222245,
  "lat_ms_p99": 0.4284641996491698,
  "jitter_ms_p95_p50": 0.1327382487943396,
  "lat_ms_min": 0.0763910029490944,
  "lat_ms_max": 0.8080510015133768,
  "overrun_rate": 0.0,
  "headroom_mean": 0.9997994715208192,
  "headroom_p95": 0.9996724162501778,
  "rss_mb_max": 53.833728,
  "rss_mb_p50": 53.833728,
  "rss_mb_p95": 53.833728,
  "cpu_util_pct_appx": 0.06840507763756998,
  "runtime_name": "LiteRT",
  "ts": 1755214831,
  "model_path": "/models/TinyFormer/TinyFormer_fp32.tflite",
  "stream_path": "/data/streams/edge_stream_med.npy",
  "threads": 1,
  "out_dir": "/results/mimic_TinyFormer_fp32_med",
  "model_size_mb": 0.318
}