{
  "runs": 336,
  "tick_seconds": 1.0,
  "lat_ms_mean": 0.22702758036800896,
  "lat_ms_p50": 0.2243564995296765,
  "lat_ms_p95": 0.416852000853396,
  "lat_ms_p99": 0.4994159497073269,
  "jitter_ms_p95_p50": 0.1924955013237195,
  "lat_ms_min": 0.08461700053885579,
  "lat_ms_max": 0.6768330022168811,
  "overrun_rate": 0.0,
  "headroom_mean": 0.999772972419632,
  "headroom_p95": 0.9995831479991466,
  "rss_mb_max": 53.587968,
  "rss_mb_p50": 53.587968,
  "rss_mb_p95": 53.587968,
  "cpu_util_pct_appx": 0.06839866898261732,
  "runtime_name": "LiteRT",
  "ts": 1755218205,
  "model_path": "/models/TinyFormer/TinyFormer_int8_full.tflite",
  "stream_path": "/data/streams/edge_stream_high.npy",
  "threads": 1,
  "out_dir": "/results/mimic_TinyFormer_int8_full_high",
  "model_size_mb": 0.109
}