{
  "model_path": "/models/TinyFormer/TinyFormer_fp32.tflite",
  "tag": "bench_TinyFormer_fp32",
  "runs": 500,
  "warmup": 50,
  "threads": 1,
  "subset": 5000,
  "lat_ms_mean": 0.025939108001693967,
  "lat_ms_p50": 0.016306999896187335,
  "lat_ms_p95": 0.07348700000875397,
  "lat_ms_min": 0.0127170001178456,
  "lat_ms_max": 0.3167790000588866,
  "rss_mb_max": 49.969,
  "cpu_util_pct_appx": 81.3,
  "ts": 1755199008
}