{
  "model_path": "/models/LiteFormer/LiteFormer_int8_dynamic.tflite",
  "tag": "bench_LiteFormer_int8_dynamic",
  "runs": 500,
  "warmup": 50,
  "threads": 1,
  "subset": 5000,
  "lat_ms_mean": 0.009358757993140898,
  "lat_ms_p50": 0.00821899993752595,
  "lat_ms_p95": 0.012554000022646505,
  "lat_ms_min": 0.0069030002123326994,
  "lat_ms_max": 0.07305200006157975,
  "rss_mb_max": 50.016,
  "cpu_util_pct_appx": 47.4,
  "ts": 1755199018
}