{
  "model_path": "/models/LSTM/LSTM_int8_full.tflite",
  "tag": "bench_LSTM_int8_full",
  "runs": 500,
  "warmup": 50,
  "threads": 1,
  "subset": 5000,
  "lat_ms_mean": 0.22649780798747088,
  "lat_ms_p50": 0.2104400000462192,
  "lat_ms_p95": 0.35065900010522455,
  "lat_ms_min": 0.1395819999743253,
  "lat_ms_max": 0.6388010001501243,
  "rss_mb_max": 55.0,
  "cpu_util_pct_appx": 95.4,
  "ts": 1755199007
}