{
  "model_path": "/models/LiPFormer/LiPFormer_fp32.tflite",
  "tag": "bench_LiPFormer_fp32",
  "runs": 500,
  "warmup": 50,
  "threads": 1,
  "subset": 5000,
  "lat_ms_mean": 0.018233613992379105,
  "lat_ms_p50": 0.017498000033810968,
  "lat_ms_p95": 0.027022999802284176,
  "lat_ms_min": 0.013766000392934075,
  "lat_ms_max": 0.07644599963896326,
  "rss_mb_max": 50.48,
  "cpu_util_pct_appx": 39.3,
  "ts": 1755199012
}