{
  "model_path": "/models/LiteFormer/LiteFormer_fp32.tflite",
  "tag": "bench_LiteFormer_fp32",
  "runs": 500,
  "warmup": 50,
  "threads": 1,
  "subset": 5000,
  "lat_ms_mean": 0.013134960004208551,
  "lat_ms_p50": 0.012435999906301731,
  "lat_ms_p95": 0.01628700010769535,
  "lat_ms_min": 0.01037399988490506,
  "lat_ms_max": 0.03687799971885397,
  "rss_mb_max": 50.223,
  "cpu_util_pct_appx": 44.6,
  "ts": 1755199016
}