{
  "model_path": "/models/LiPFormer/LiPFormer_int8_dynamic.tflite",
  "tag": "bench_LiPFormer_int8_dynamic",
  "runs": 500,
  "warmup": 50,
  "threads": 1,
  "subset": 5000,
  "lat_ms_mean": 0.012031131992443989,
  "lat_ms_p50": 0.010025999927165685,
  "lat_ms_p95": 0.01837900026657735,
  "lat_ms_min": 0.009625000075175194,
  "lat_ms_max": 0.07868199963922962,
  "rss_mb_max": 50.02,
  "cpu_util_pct_appx": 43.5,
  "ts": 1755199014
}