{
  "model_path": "/models/TinyFormer/TinyFormer_int8_dynamic.tflite",
  "tag": "bench_TinyFormer_int8_dynamic",
  "runs": 500,
  "warmup": 50,
  "threads": 1,
  "subset": 5000,
  "lat_ms_mean": 0.00983677200110833,
  "lat_ms_p50": 0.00887300029717153,
  "lat_ms_p95": 0.012600999980350025,
  "lat_ms_min": 0.007437000022036955,
  "lat_ms_max": 0.06121800015534973,
  "rss_mb_max": 50.402,
  "cpu_util_pct_appx": 45.1,
  "ts": 1755199010
}