{
  "runs": 336,
  "tick_seconds": 1.0,
  "lat_ms_mean": 0.1813386042093563,
  "lat_ms_p50": 0.16853800116223283,
  "lat_ms_p95": 0.34541424975031987,
  "lat_ms_p99": 0.5369042486563552,
  "jitter_ms_p95_p50": 0.17687624858808704,
  "lat_ms_min": 0.06687600034638308,
  "lat_ms_max": 0.9233860000676941,
  "overrun_rate": 0.0,
  "headroom_mean": 0.9998186613957907,
  "headroom_p95": 0.9996545857502497,
  "rss_mb_max": 53.837824,
  "rss_mb_p50": 53.837824,
  "rss_mb_p95": 53.837824,
  "cpu_util_pct_appx": 0.06541956729975051,
  "runtime_name": "LiteRT",
  "ts": 1755221242,
  "model_path": "/models/LiPFormer/LiPFormer_int8_dynamic.tflite",
  "stream_path": "/data/streams/edge_stream_high.npy",
  "threads": 1,
  "out_dir": "/results/mimic_LiPFormer_int8_dynamic_high",
  "model_size_mb": 0.144
}