{
  "runs": 336,
  "tick_seconds": 1.0,
  "lat_ms_mean": 0.23996812497205697,
  "lat_ms_p50": 0.23588250041939318,
  "lat_ms_p95": 0.40941724910226185,
  "lat_ms_p99": 0.5445912007417056,
  "jitter_ms_p95_p50": 0.17353474868286867,
  "lat_ms_min": 0.08728700049687177,
  "lat_ms_max": 0.7012620008026715,
  "overrun_rate": 0.0,
  "headroom_mean": 0.9997600318750279,
  "headroom_p95": 0.9995905827508977,
  "rss_mb_max": 54.3744,
  "rss_mb_p50": 54.3744,
  "rss_mb_p95": 54.3744,
  "cpu_util_pct_appx": 0.07136874111239894,
  "runtime_name": "LiteRT",
  "ts": 1755218880,
  "model_path": "/models/LiPFormer/LiPFormer_fp32.tflite",
  "stream_path": "/data/streams/edge_stream_med.npy",
  "threads": 1,
  "out_dir": "/results/mimic_LiPFormer_fp32_med",
  "model_size_mb": 0.469
}