{
  "runs": 336,
  "tick_seconds": 1.0,
  "lat_ms_mean": 0.19465239287932318,
  "lat_ms_p50": 0.19487650206428953,
  "lat_ms_p95": 0.3089180008828407,
  "lat_ms_p99": 0.47262785010388997,
  "jitter_ms_p95_p50": 0.11404149881855119,
  "lat_ms_min": 0.0811850004538428,
  "lat_ms_max": 0.7202019987744279,
  "overrun_rate": 0.0,
  "headroom_mean": 0.9998053476071207,
  "headroom_p95": 0.9996910819991172,
  "rss_mb_max": 54.095872,
  "rss_mb_p50": 54.095872,
  "rss_mb_p95": 54.095872,
  "cpu_util_pct_appx": 0.0684000621730526,
  "runtime_name": "LiteRT",
  "ts": 1755222930,
  "model_path": "/models/LiteFormer/LiteFormer_fp32.tflite",
  "stream_path": "/data/streams/edge_stream_med.npy",
  "threads": 1,
  "out_dir": "/results/mimic_LiteFormer_fp32_med",
  "model_size_mb": 0.368
}