{
  "runs": 336,
  "tick_seconds": 1.0,
  "lat_ms_mean": 0.1537850923038301,
  "lat_ms_p50": 0.15004950000729878,
  "lat_ms_p95": 0.22560525212611537,
  "lat_ms_p99": 0.5651993986248233,
  "jitter_ms_p95_p50": 0.0755557521188166,
  "lat_ms_min": 0.06310300159384497,
  "lat_ms_max": 0.9264170003007166,
  "overrun_rate": 0.0,
  "headroom_mean": 0.9998462149076962,
  "headroom_p95": 0.9997743947478739,
  "rss_mb_max": 53.57568,
  "rss_mb_p50": 53.57568,
  "rss_mb_p95": 53.57568,
  "cpu_util_pct_appx": 0.062445371803369544,
  "runtime_name": "LiteRT",
  "ts": 1755225291,
  "model_path": "/models/LiteFormer/LiteFormer_int8_dynamic.tflite",
  "stream_path": "/data/streams/edge_stream_high.npy",
  "threads": 1,
  "out_dir": "/results/mimic_LiteFormer_int8_dynamic_high",
  "model_size_mb": 0.115
}