{
  "runs": 336,
  "tick_seconds": 1.0,
  "lat_ms_mean": 0.2393693333661282,
  "lat_ms_p50": 0.22308400002657436,
  "lat_ms_p95": 0.45803075227013323,
  "lat_ms_p99": 0.6791617988710605,
  "jitter_ms_p95_p50": 0.23494675224355888,
  "lat_ms_min": 0.08956199962995015,
  "lat_ms_max": 1.2332650003372692,
  "overrun_rate": 0.0,
  "headroom_mean": 0.9997606306666339,
  "headroom_p95": 0.9995419692477299,
  "rss_mb_max": 53.977088,
  "rss_mb_p50": 53.977088,
  "rss_mb_p95": 53.977088,
  "cpu_util_pct_appx": 0.07134588897483633,
  "runtime_name": "LiteRT",
  "ts": 1755219555,
  "model_path": "/models/LiPFormer/LiPFormer_fp16.tflite",
  "stream_path": "/data/streams/edge_stream_low.npy",
  "threads": 1,
  "out_dir": "/results/mimic_LiPFormer_fp16_low",
  "model_size_mb": 0.244
}