{
  "runs": 336,
  "tick_seconds": 1.0,
  "lat_ms_mean": 0.1562288213703834,
  "lat_ms_p50": 0.15265049842128064,
  "lat_ms_p95": 0.255145750088559,
  "lat_ms_p99": 0.4383040490210978,
  "jitter_ms_p95_p50": 0.10249525166727835,
  "lat_ms_min": 0.06280200250330381,
  "lat_ms_max": 0.5053059976489749,
  "overrun_rate": 0.0,
  "headroom_mean": 0.9998437711786297,
  "headroom_p95": 0.9997448542499114,
  "rss_mb_max": 53.9648,
  "rss_mb_p50": 53.9648,
  "rss_mb_p95": 53.9648,
  "cpu_util_pct_appx": 0.06542023695787591,
  "runtime_name": "LiteRT",
  "ts": 1755217193,
  "model_path": "/models/TinyFormer/TinyFormer_int8_dynamic.tflite",
  "stream_path": "/data/streams/edge_stream_high.npy",
  "threads": 1,
  "out_dir": "/results/mimic_TinyFormer_int8_dynamic_high",
  "model_size_mb": 0.107
}