{
  "runs": 336,
  "tick_seconds": 1.0,
  "lat_ms_mean": 0.22118607134438034,
  "lat_ms_p50": 0.2106040010403376,
  "lat_ms_p95": 0.3879212499668938,
  "lat_ms_p99": 0.528262800253287,
  "jitter_ms_p95_p50": 0.1773172489265562,
  "lat_ms_min": 0.08858699948177673,
  "lat_ms_max": 0.5640169983962551,
  "overrun_rate": 0.0,
  "headroom_mean": 0.9997788139286556,
  "headroom_p95": 0.9996120787500331,
  "rss_mb_max": 53.850112,
  "rss_mb_p50": 53.850112,
  "rss_mb_p95": 53.850112,
  "cpu_util_pct_appx": 0.06839521896077655,
  "runtime_name": "LiteRT",
  "ts": 1755219893,
  "model_path": "/models/LiPFormer/LiPFormer_fp16.tflite",
  "stream_path": "/data/streams/edge_stream_med.npy",
  "threads": 1,
  "out_dir": "/results/mimic_LiPFormer_fp16_med",
  "model_size_mb": 0.244
}