{
  "runs": 336,
  "tick_seconds": 1.0,
  "lat_ms_mean": 0.2273266696496042,
  "lat_ms_p50": 0.21973399816488381,
  "lat_ms_p95": 0.42468225092306966,
  "lat_ms_p99": 0.5592717498075204,
  "jitter_ms_p95_p50": 0.20494825275818584,
  "lat_ms_min": 0.08463599806418642,
  "lat_ms_max": 0.6617119979637209,
  "overrun_rate": 0.0,
  "headroom_mean": 0.9997726733303504,
  "headroom_p95": 0.9995753177490769,
  "rss_mb_max": 54.49728,
  "rss_mb_p50": 54.49728,
  "rss_mb_p95": 54.49728,
  "cpu_util_pct_appx": 0.07433253917018755,
  "runtime_name": "LiteRT",
  "ts": 1755219218,
  "model_path": "/models/LiPFormer/LiPFormer_fp32.tflite",
  "stream_path": "/data/streams/edge_stream_high.npy",
  "threads": 1,
  "out_dir": "/results/mimic_LiPFormer_fp32_high",
  "model_size_mb": 0.469
}