{
  "runs": 336,
  "tick_seconds": 1.0,
  "lat_ms_mean": 2.0450139107608614,
  "lat_ms_p50": 2.0618025000658236,
  "lat_ms_p95": 3.135288249268342,
  "lat_ms_p99": 5.114822550694907,
  "jitter_ms_p95_p50": 1.0734857492025185,
  "lat_ms_min": 0.7762320001347689,
  "lat_ms_max": 7.365397999819834,
  "overrun_rate": 0.0,
  "headroom_mean": 0.9979549860892392,
  "headroom_p95": 0.9968647117507317,
  "rss_mb_max": 69.062656,
  "rss_mb_p50": 69.062656,
  "rss_mb_p95": 69.062656,
  "cpu_util_pct_appx": 0.24976302753427074,
  "runtime_name": "LiteRT",
  "ts": 1755210444,
  "model_path": "/models/LSTM/LSTM_fp32.tflite",
  "stream_path": "/data/streams/edge_stream_low.npy",
  "threads": 1,
  "out_dir": "/results/mimic_LSTM_fp32_low",
  "model_size_mb": 0.478
}