{
  "runs": 336,
  "tick_seconds": 1.0,
  "lat_ms_mean": 0.9116973957307415,
  "lat_ms_p50": 0.8913335004763212,
  "lat_ms_p95": 1.5152917494560825,
  "lat_ms_p99": 1.8602572003146625,
  "jitter_ms_p95_p50": 0.6239582489797613,
  "lat_ms_min": 0.3667390010377858,
  "lat_ms_max": 2.050729999609757,
  "overrun_rate": 0.0,
  "headroom_mean": 0.9990883026042693,
  "headroom_p95": 0.9984847082505439,
  "rss_mb_max": 58.826752,
  "rss_mb_p50": 58.826752,
  "rss_mb_p95": 58.826752,
  "cpu_util_pct_appx": 0.1338088961980961,
  "runtime_name": "LiteRT",
  "ts": 1755213482,
  "model_path": "/models/LSTM/LSTM_int8_full.tflite",
  "stream_path": "/data/streams/edge_stream_low.npy",
  "threads": 1,
  "out_dir": "/results/mimic_LSTM_int8_full_low",
  "model_size_mb": 0.73
}