{
  "runs": 336,
  "tick_seconds": 1.0,
  "lat_ms_mean": 0.1543548274055086,
  "lat_ms_p50": 0.14844900033494923,
  "lat_ms_p95": 0.27204049820284126,
  "lat_ms_p99": 0.40112130081979536,
  "jitter_ms_p95_p50": 0.12359149786789203,
  "lat_ms_min": 0.06518200098071247,
  "lat_ms_max": 0.4358299993327819,
  "overrun_rate": 0.0,
  "headroom_mean": 0.9998456451725944,
  "headroom_p95": 0.9997279595017972,
  "rss_mb_max": 53.71904,
  "rss_mb_p50": 53.71904,
  "rss_mb_p95": 53.71904,
  "cpu_util_pct_appx": 0.05947789575697819,
  "runtime_name": "LiteRT",
  "ts": 1755224954,
  "model_path": "/models/LiteFormer/LiteFormer_int8_dynamic.tflite",
  "stream_path": "/data/streams/edge_stream_med.npy",
  "threads": 1,
  "out_dir": "/results/mimic_LiteFormer_int8_dynamic_med",
  "model_size_mb": 0.115
}