{
  "runs": 336,
  "tick_seconds": 1.0,
  "lat_ms_mean": 0.2210668512491663,
  "lat_ms_p50": 0.21652150098816492,
  "lat_ms_p95": 0.3634864997366094,
  "lat_ms_p99": 0.4896043994449426,
  "jitter_ms_p95_p50": 0.1469649987484445,
  "lat_ms_min": 0.08766599785303697,
  "lat_ms_max": 0.5788439993921202,
  "overrun_rate": 0.0,
  "headroom_mean": 0.9997789331487509,
  "headroom_p95": 0.9996365135002634,
  "rss_mb_max": 53.714944,
  "rss_mb_p50": 53.714944,
  "rss_mb_p95": 53.714944,
  "cpu_util_pct_appx": 0.06542218285204518,
  "runtime_name": "LiteRT",
  "ts": 1755217868,
  "model_path": "/models/TinyFormer/TinyFormer_int8_full.tflite",
  "stream_path": "/data/streams/edge_stream_med.npy",
  "threads": 1,
  "out_dir": "/results/mimic_TinyFormer_int8_full_med",
  "model_size_mb": 0.109
}