{
  "runs": 336,
  "tick_seconds": 1.0,
  "lat_ms_mean": 0.19701849991872136,
  "lat_ms_p50": 0.1873954988695914,
  "lat_ms_p95": 0.34227549895149423,
  "lat_ms_p99": 0.4799764510607927,
  "jitter_ms_p95_p50": 0.15488000008190284,
  "lat_ms_min": 0.08706600056029856,
  "lat_ms_max": 1.3397160000749864,
  "overrun_rate": 0.0,
  "headroom_mean": 0.9998029815000813,
  "headroom_p95": 0.9996577245010485,
  "rss_mb_max": 53.43232,
  "rss_mb_p50": 53.43232,
  "rss_mb_p95": 53.43232,
  "cpu_util_pct_appx": 0.062455784427638994,
  "runtime_name": "LiteRT",
  "ts": 1755224279,
  "model_path": "/models/LiteFormer/LiteFormer_fp16.tflite",
  "stream_path": "/data/streams/edge_stream_high.npy",
  "threads": 1,
  "out_dir": "/results/mimic_LiteFormer_fp16_high",
  "model_size_mb": 0.192
}