{
  "runs": 336,
  "tick_seconds": 1.0,
  "lat_ms_mean": 0.17823331545297974,
  "lat_ms_p50": 0.16606600001978222,
  "lat_ms_p95": 0.343634500495682,
  "lat_ms_p99": 0.4313291998187191,
  "jitter_ms_p95_p50": 0.17756850047589978,
  "lat_ms_min": 0.0684650003677234,
  "lat_ms_max": 1.2444749991118442,
  "overrun_rate": 0.0,
  "headroom_mean": 0.999821766684547,
  "headroom_p95": 0.9996563654995043,
  "rss_mb_max": 53.714944,
  "rss_mb_p50": 53.714944,
  "rss_mb_p95": 53.714944,
  "cpu_util_pct_appx": 0.062451946307812686,
  "runtime_name": "LiteRT",
  "ts": 1755220568,
  "model_path": "/models/LiPFormer/LiPFormer_int8_dynamic.tflite",
  "stream_path": "/data/streams/edge_stream_low.npy",
  "threads": 1,
  "out_dir": "/results/mimic_LiPFormer_int8_dynamic_low",
  "model_size_mb": 0.144
}