{
  "runs": 336,
  "tick_seconds": 1.0,
  "lat_ms_mean": 0.9139246100771526,
  "lat_ms_p50": 0.9019270000862889,
  "lat_ms_p95": 1.483476250541571,
  "lat_ms_p99": 1.9649569479952311,
  "jitter_ms_p95_p50": 0.5815492504552822,
  "lat_ms_min": 0.3538390010362491,
  "lat_ms_max": 2.6217089980491437,
  "overrun_rate": 0.0,
  "headroom_mean": 0.9990860753899229,
  "headroom_p95": 0.9985165237494584,
  "rss_mb_max": 59.0848,
  "rss_mb_p50": 59.0848,
  "rss_mb_p95": 59.0848,
  "cpu_util_pct_appx": 0.13379361005945647,
  "runtime_name": "LiteRT",
  "ts": 1755213819,
  "model_path": "/models/LSTM/LSTM_int8_full.tflite",
  "stream_path": "/data/streams/edge_stream_med.npy",
  "threads": 1,
  "out_dir": "/results/mimic_LSTM_int8_full_med",
  "model_size_mb": 0.73
}