{
  "runs": 336,
  "tick_seconds": 1.0,
  "lat_ms_mean": 0.214189997082247,
  "lat_ms_p50": 0.2044629982265178,
  "lat_ms_p95": 0.3861759996652836,
  "lat_ms_p99": 0.6677520485027341,
  "jitter_ms_p95_p50": 0.1817130014387658,
  "lat_ms_min": 0.07811899922671728,
  "lat_ms_max": 1.4932300000509713,
  "overrun_rate": 0.0,
  "headroom_mean": 0.9997858100029178,
  "headroom_p95": 0.9996138240003347,
  "rss_mb_max": 53.84192,
  "rss_mb_p50": 53.84192,
  "rss_mb_p95": 53.84192,
  "cpu_util_pct_appx": 0.06838382650881954,
  "runtime_name": "LiteRT",
  "ts": 1755216181,
  "model_path": "/models/TinyFormer/TinyFormer_fp16.tflite",
  "stream_path": "/data/streams/edge_stream_high.npy",
  "threads": 1,
  "out_dir": "/results/mimic_TinyFormer_fp16_high",
  "model_size_mb": 0.169
}