{
  "runs": 336,
  "tick_seconds": 1.0,
  "lat_ms_mean": 0.9206064791799561,
  "lat_ms_p50": 0.8972015002655098,
  "lat_ms_p95": 1.6173274989341735,
  "lat_ms_p99": 1.8549921003796044,
  "jitter_ms_p95_p50": 0.7201259986686637,
  "lat_ms_min": 0.3545060026226565,
  "lat_ms_max": 3.285989998403238,
  "overrun_rate": 0.0,
  "headroom_mean": 0.9990793935208201,
  "headroom_p95": 0.9983826725010658,
  "rss_mb_max": 58.953728,
  "rss_mb_p50": 58.953728,
  "rss_mb_p95": 58.953728,
  "cpu_util_pct_appx": 0.1397562037558993,
  "runtime_name": "LiteRT",
  "ts": 1755214156,
  "model_path": "/models/LSTM/LSTM_int8_full.tflite",
  "stream_path": "/data/streams/edge_stream_high.npy",
  "threads": 1,
  "out_dir": "/results/mimic_LSTM_int8_full_high",
  "model_size_mb": 0.73
}