{
  "runs": 336,
  "tick_seconds": 1.0,
  "lat_ms_mean": 0.23916911594651105,
  "lat_ms_p50": 0.22223350060812663,
  "lat_ms_p95": 0.4536434998954064,
  "lat_ms_p99": 0.8239672511990632,
  "jitter_ms_p95_p50": 0.2314099992872798,
  "lat_ms_min": 0.08394299948122352,
  "lat_ms_max": 1.4284280005085748,
  "overrun_rate": 0.0,
  "headroom_mean": 0.9997608308840535,
  "headroom_p95": 0.9995463565001046,
  "rss_mb_max": 53.4528,
  "rss_mb_p50": 53.4528,
  "rss_mb_p95": 53.4528,
  "cpu_util_pct_appx": 0.07137587455960416,
  "runtime_name": "LiteRT",
  "ts": 1755225966,
  "model_path": "/models/LiteFormer/LiteFormer_int8_full.tflite",
  "stream_path": "/data/streams/edge_stream_med.npy",
  "threads": 1,
  "out_dir": "/results/mimic_LiteFormer_int8_full_med",
  "model_size_mb": 0.123
}