{
  "runs": 336,
  "tick_seconds": 1.0,
  "lat_ms_mean": 0.15991217563688614,
  "lat_ms_p50": 0.15325849926739465,
  "lat_ms_p95": 0.29464925046340795,
  "lat_ms_p99": 0.39103614963096306,
  "jitter_ms_p95_p50": 0.1413907511960133,
  "lat_ms_min": 0.06290600140346214,
  "lat_ms_max": 0.7184520000009798,
  "overrun_rate": 0.0,
  "headroom_mean": 0.9998400878243631,
  "headroom_p95": 0.9997053507495366,
  "rss_mb_max": 53.456896,
  "rss_mb_p50": 53.456896,
  "rss_mb_p95": 53.456896,
  "cpu_util_pct_appx": 0.06244128031851328,
  "runtime_name": "LiteRT",
  "ts": 1755216518,
  "model_path": "/models/TinyFormer/TinyFormer_int8_dynamic.tflite",
  "stream_path": "/data/streams/edge_stream_low.npy",
  "threads": 1,
  "out_dir": "/results/mimic_TinyFormer_int8_dynamic_low",
  "model_size_mb": 0.107
}