{
  "runs": 336,
  "tick_seconds": 1.0,
  "lat_ms_mean": 0.22888863679240568,
  "lat_ms_p50": 0.2235690008092206,
  "lat_ms_p95": 0.3490187500574393,
  "lat_ms_p99": 0.5210025510677936,
  "jitter_ms_p95_p50": 0.12544974924821872,
  "lat_ms_min": 0.08585799878346734,
  "lat_ms_max": 1.80613999691559,
  "overrun_rate": 0.0,
  "headroom_mean": 0.9997711113632076,
  "headroom_p95": 0.9996509812499426,
  "rss_mb_max": 53.579776,
  "rss_mb_p50": 53.579776,
  "rss_mb_p95": 53.579776,
  "cpu_util_pct_appx": 0.06839618110318665,
  "runtime_name": "LiteRT",
  "ts": 1755217531,
  "model_path": "/models/TinyFormer/TinyFormer_int8_full.tflite",
  "stream_path": "/data/streams/edge_stream_low.npy",
  "threads": 1,
  "out_dir": "/results/mimic_TinyFormer_int8_full_low",
  "model_size_mb": 0.109
}