{
  "runs": 336,
  "tick_seconds": 1.0,
  "lat_ms_mean": 0.16974251171372348,
  "lat_ms_p50": 0.15473550047317985,
  "lat_ms_p95": 0.31517025036009727,
  "lat_ms_p99": 0.5991293994156865,
  "jitter_ms_p95_p50": 0.16043474988691742,
  "lat_ms_min": 0.06423599916161038,
  "lat_ms_max": 1.1494509999465663,
  "overrun_rate": 0.0,
  "headroom_mean": 0.9998302574882862,
  "headroom_p95": 0.9996848297496399,
  "rss_mb_max": 53.850112,
  "rss_mb_p50": 53.850112,
  "rss_mb_p95": 53.850112,
  "cpu_util_pct_appx": 0.06244908199213485,
  "runtime_name": "LiteRT",
  "ts": 1755216856,
  "model_path": "/models/TinyFormer/TinyFormer_int8_dynamic.tflite",
  "stream_path": "/data/streams/edge_stream_med.npy",
  "threads": 1,
  "out_dir": "/results/mimic_TinyFormer_int8_dynamic_med",
  "model_size_mb": 0.107
}