{
  "runs": 336,
  "tick_seconds": 1.0,
  "lat_ms_mean": 0.21895586601636924,
  "lat_ms_p50": 0.20236800082784612,
  "lat_ms_p95": 0.4078582496731542,
  "lat_ms_p99": 0.6859858020106852,
  "jitter_ms_p95_p50": 0.2054902488453081,
  "lat_ms_min": 0.08071100091910921,
  "lat_ms_max": 1.3525230024242774,
  "overrun_rate": 0.0,
  "headroom_mean": 0.9997810441339836,
  "headroom_p95": 0.9995921417503268,
  "rss_mb_max": 54.095872,
  "rss_mb_p50": 54.095872,
  "rss_mb_p95": 54.095872,
  "cpu_util_pct_appx": 0.0713543483258185,
  "runtime_name": "LiteRT",
  "ts": 1755215844,
  "model_path": "/models/TinyFormer/TinyFormer_fp16.tflite",
  "stream_path": "/data/streams/edge_stream_med.npy",
  "threads": 1,
  "out_dir": "/results/mimic_TinyFormer_fp16_med",
  "model_size_mb": 0.169
}