{
  "runs": 336,
  "tick_seconds": 1.0,
  "lat_ms_mean": 0.2216482647825268,
  "lat_ms_p50": 0.2119865002896404,
  "lat_ms_p95": 0.3714639997269842,
  "lat_ms_p99": 0.6906132006406543,
  "jitter_ms_p95_p50": 0.1594774994373438,
  "lat_ms_min": 0.08275400250568055,
  "lat_ms_max": 1.4652339996246155,
  "overrun_rate": 0.0,
  "headroom_mean": 0.9997783517352175,
  "headroom_p95": 0.999628536000273,
  "rss_mb_max": 53.567488,
  "rss_mb_p50": 53.567488,
  "rss_mb_p95": 53.567488,
  "cpu_util_pct_appx": 0.07136412708593112,
  "runtime_name": "LiteRT",
  "ts": 1755223942,
  "model_path": "/models/LiteFormer/LiteFormer_fp16.tflite",
  "stream_path": "/data/streams/edge_stream_med.npy",
  "threads": 1,
  "out_dir": "/results/mimic_LiteFormer_fp16_med",
  "model_size_mb": 0.192
}