{
  "runs": 336,
  "tick_seconds": 1.0,
  "lat_ms_mean": 0.18811203862935058,
  "lat_ms_p50": 0.18061249829770532,
  "lat_ms_p95": 0.29649725092895096,
  "lat_ms_p99": 0.4047698997965197,
  "jitter_ms_p95_p50": 0.11588475263124565,
  "lat_ms_min": 0.08065899965004064,
  "lat_ms_max": 0.4719620010291692,
  "overrun_rate": 0.0,
  "headroom_mean": 0.9998118879613707,
  "headroom_p95": 0.999703502749071,
  "rss_mb_max": 54.091776,
  "rss_mb_p50": 54.091776,
  "rss_mb_p95": 54.091776,
  "cpu_util_pct_appx": 0.06244925092711315,
  "runtime_name": "LiteRT",
  "ts": 1755222592,
  "model_path": "/models/LiteFormer/LiteFormer_fp32.tflite",
  "stream_path": "/data/streams/edge_stream_low.npy",
  "threads": 1,
  "out_dir": "/results/mimic_LiteFormer_fp32_low",
  "model_size_mb": 0.368
}