{
  "runs": 336,
  "tick_seconds": 1.0,
  "lat_ms_mean": 2.1159058749054522,
  "lat_ms_p50": 2.2123585004010238,
  "lat_ms_p95": 3.089549248215917,
  "lat_ms_p99": 3.5801230993456543,
  "jitter_ms_p95_p50": 0.8771907478148933,
  "lat_ms_min": 0.8041439996304689,
  "lat_ms_max": 3.8719269978173543,
  "overrun_rate": 0.0,
  "headroom_mean": 0.9978840941250946,
  "headroom_p95": 0.9969104507517841,
  "rss_mb_max": 67.837952,
  "rss_mb_p50": 67.837952,
  "rss_mb_p95": 67.837952,
  "cpu_util_pct_appx": 2.41065975926093,
  "runtime_name": "LiteRT",
  "ts": 1755211794,
  "model_path": "/models/LSTM/LSTM_fp16.tflite",
  "stream_path": "/data/streams/edge_stream_med.npy",
  "threads": 1,
  "out_dir": "/results/mimic_LSTM_fp16_med",
  "model_size_mb": 0.333
}