{
  "runs": 336,
  "tick_seconds": 1.0,
  "lat_ms_mean": 0.6596464227403063,
  "lat_ms_p50": 0.6378309990395792,
  "lat_ms_p95": 0.9206337481373339,
  "lat_ms_p99": 1.2345502002062818,
  "jitter_ms_p95_p50": 0.2828027490977547,
  "lat_ms_min": 0.35182999999960884,
  "lat_ms_max": 3.4453530024620704,
  "overrun_rate": 0.0,
  "headroom_mean": 0.9993403535772597,
  "headroom_p95": 0.9990793662518627,
  "rss_mb_max": 57.716736,
  "rss_mb_p50": 57.716736,
  "rss_mb_p95": 57.716736,
  "cpu_util_pct_appx": 0.09815235997870841,
  "runtime_name": "LiteRT",
  "ts": 1755212807,
  "model_path": "/models/LSTM/LSTM_int8_dynamic.tflite",
  "stream_path": "/data/streams/edge_stream_med.npy",
  "threads": 1,
  "out_dir": "/results/mimic_LSTM_int8_dynamic_med",
  "model_size_mb": 0.274
}