{
  "runs": 336,
  "tick_seconds": 1.0,
  "lat_ms_mean": 0.22987802666258567,
  "lat_ms_p50": 0.21953449868306052,
  "lat_ms_p95": 0.3990534987678984,
  "lat_ms_p99": 0.5460269985633199,
  "jitter_ms_p95_p50": 0.1795190000848379,
  "lat_ms_min": 0.09077199865714647,
  "lat_ms_max": 1.6593370019108988,
  "overrun_rate": 0.0,
  "headroom_mean": 0.9997701219733374,
  "headroom_p95": 0.9996009465012321,
  "rss_mb_max": 53.444608,
  "rss_mb_p50": 53.444608,
  "rss_mb_p95": 53.444608,
  "cpu_util_pct_appx": 0.07136274576460296,
  "runtime_name": "LiteRT",
  "ts": 1755220230,
  "model_path": "/models/LiPFormer/LiPFormer_fp16.tflite",
  "stream_path": "/data/streams/edge_stream_high.npy",
  "threads": 1,
  "out_dir": "/results/mimic_LiPFormer_fp16_high",
  "model_size_mb": 0.244
}