{
  "runs": 336,
  "tick_seconds": 1.0,
  "lat_ms_mean": 0.2545037411783553,
  "lat_ms_p50": 0.24265750107588246,
  "lat_ms_p95": 0.477910999507003,
  "lat_ms_p99": 0.7055468995531523,
  "jitter_ms_p95_p50": 0.23525349843112053,
  "lat_ms_min": 0.09093399785342626,
  "lat_ms_max": 1.341522001894191,
  "overrun_rate": 0.0,
  "headroom_mean": 0.9997454962588217,
  "headroom_p95": 0.999522089000493,
  "rss_mb_max": 53.833728,
  "rss_mb_p50": 53.833728,
  "rss_mb_p95": 53.833728,
  "cpu_util_pct_appx": 0.07136277821021826,
  "runtime_name": "LiteRT",
  "ts": 1755221917,
  "model_path": "/models/LiPFormer/LiPFormer_int8_full.tflite",
  "stream_path": "/data/streams/edge_stream_med.npy",
  "threads": 1,
  "out_dir": "/results/mimic_LiPFormer_int8_full_med",
  "model_size_mb": 0.15
}