{
  "runs": 336,
  "tick_seconds": 1.0,
  "lat_ms_mean": 2.067819967318688,
  "lat_ms_p50": 2.148802499505109,
  "lat_ms_p95": 3.089437999733491,
  "lat_ms_p99": 3.3888286514411448,
  "jitter_ms_p95_p50": 0.9406355002283817,
  "lat_ms_min": 0.8097790014289785,
  "lat_ms_max": 3.6018009996041656,
  "overrun_rate": 0.0,
  "headroom_mean": 0.9979321800326814,
  "headroom_p95": 0.9969105620002665,
  "rss_mb_max": 67.842048,
  "rss_mb_p50": 67.842048,
  "rss_mb_p95": 67.842048,
  "cpu_util_pct_appx": 0.24678052258297703,
  "runtime_name": "LiteRT",
  "ts": 1755212132,
  "model_path": "/models/LSTM/LSTM_fp16.tflite",
  "stream_path": "/data/streams/edge_stream_high.npy",
  "threads": 1,
  "out_dir": "/results/mimic_LSTM_fp16_high",
  "model_size_mb": 0.333
}