{
  "runs": 336,
  "tick_seconds": 1.0,
  "lat_ms_mean": 1.98616452081253,
  "lat_ms_p50": 2.06347549919883,
  "lat_ms_p95": 3.01554350016886,
  "lat_ms_p99": 3.3687821005514698,
  "jitter_ms_p95_p50": 0.95206800097003,
  "lat_ms_min": 0.8326480001414893,
  "lat_ms_max": 3.8899720002518734,
  "overrun_rate": 0.0,
  "headroom_mean": 0.9980138354791874,
  "headroom_p95": 0.9969844564998311,
  "rss_mb_max": 67.756032,
  "rss_mb_p50": 67.756032,
  "rss_mb_p95": 67.756032,
  "cpu_util_pct_appx": 0.24384744216149337,
  "runtime_name": "LiteRT",
  "ts": 1755211120,
  "model_path": "/models/LSTM/LSTM_fp32.tflite",
  "stream_path": "/data/streams/edge_stream_high.npy",
  "threads": 1,
  "out_dir": "/results/mimic_LSTM_fp32_high",
  "model_size_mb": 0.478
}