{
  "runs": 336,
  "tick_seconds": 1.0,
  "lat_ms_mean": 0.22484702385771102,
  "lat_ms_p50": 0.21279149950714782,
  "lat_ms_p95": 0.3751024978555506,
  "lat_ms_p99": 0.614942599895582,
  "jitter_ms_p95_p50": 0.1623109983484028,
  "lat_ms_min": 0.08523400174453855,
  "lat_ms_max": 1.5506849995290395,
  "overrun_rate": 0.0,
  "headroom_mean": 0.9997751529761423,
  "headroom_p95": 0.9996248975021444,
  "rss_mb_max": 53.972992,
  "rss_mb_p50": 53.972992,
  "rss_mb_p95": 53.972992,
  "cpu_util_pct_appx": 0.06839266476489939,
  "runtime_name": "LiteRT",
  "ts": 1755225629,
  "model_path": "/models/LiteFormer/LiteFormer_int8_full.tflite",
  "stream_path": "/data/streams/edge_stream_low.npy",
  "threads": 1,
  "out_dir": "/results/mimic_LiteFormer_int8_full_low",
  "model_size_mb": 0.123
}