{
  "runs": 336,
  "tick_seconds": 1.0,
  "lat_ms_mean": 0.21374107439528633,
  "lat_ms_p50": 0.1939590001711622,
  "lat_ms_p95": 0.4490417495617294,
  "lat_ms_p99": 0.700555698858806,
  "jitter_ms_p95_p50": 0.2550827493905672,
  "lat_ms_min": 0.0797989996499382,
  "lat_ms_max": 1.4705719986523036,
  "overrun_rate": 0.0,
  "headroom_mean": 0.9997862589256047,
  "headroom_p95": 0.9995509582504383,
  "rss_mb_max": 53.837824,
  "rss_mb_p50": 53.837824,
  "rss_mb_p95": 53.837824,
  "cpu_util_pct_appx": 0.06540686241124909,
  "runtime_name": "LiteRT",
  "ts": 1755215506,
  "model_path": "/models/TinyFormer/TinyFormer_fp16.tflite",
  "stream_path": "/data/streams/edge_stream_low.npy",
  "threads": 1,
  "out_dir": "/results/mimic_TinyFormer_fp16_low",
  "model_size_mb": 0.169
}