{
  "runs": 336,
  "tick_seconds": 1.0,
  "lat_ms_mean": 1.9230214315560563,
  "lat_ms_p50": 1.8950275007227901,
  "lat_ms_p95": 3.0863495003359276,
  "lat_ms_p99": 3.6823346998971815,
  "jitter_ms_p95_p50": 1.1913219996131375,
  "lat_ms_min": 0.8059389983827714,
  "lat_ms_max": 3.8338780013873475,
  "overrun_rate": 0.0,
  "headroom_mean": 0.9980769785684439,
  "headroom_p95": 0.9969136504996641,
  "rss_mb_max": 68.108288,
  "rss_mb_p50": 68.108288,
  "rss_mb_p95": 68.108288,
  "cpu_util_pct_appx": 0.23492141384568258,
  "runtime_name": "LiteRT",
  "ts": 1755211457,
  "model_path": "/models/LSTM/LSTM_fp16.tflite",
  "stream_path": "/data/streams/edge_stream_low.npy",
  "threads": 1,
  "out_dir": "/results/mimic_LSTM_fp16_low",
  "model_size_mb": 0.333
}