{
  "runs": 336,
  "tick_seconds": 1.0,
  "lat_ms_mean": 0.15315616971227947,
  "lat_ms_p50": 0.14715200086357072,
  "lat_ms_p95": 0.29044175062153954,
  "lat_ms_p99": 0.430557850813784,
  "jitter_ms_p95_p50": 0.14328974975796882,
  "lat_ms_min": 0.0642060003883671,
  "lat_ms_max": 0.9294749979744665,
  "overrun_rate": 0.0,
  "headroom_mean": 0.9998468438302878,
  "headroom_p95": 0.9997095582493785,
  "rss_mb_max": 53.587968,
  "rss_mb_p50": 53.587968,
  "rss_mb_p95": 53.587968,
  "cpu_util_pct_appx": 0.062448612584429346,
  "runtime_name": "LiteRT",
  "ts": 1755224617,
  "model_path": "/models/LiteFormer/LiteFormer_int8_dynamic.tflite",
  "stream_path": "/data/streams/edge_stream_low.npy",
  "threads": 1,
  "out_dir": "/results/mimic_LiteFormer_int8_dynamic_low",
  "model_size_mb": 0.115
}