{
  "runs": 336,
  "tick_seconds": 1.0,
  "lat_ms_mean": 0.1981401368582391,
  "lat_ms_p50": 0.19165400044585112,
  "lat_ms_p95": 0.3415005012357142,
  "lat_ms_p99": 0.4554023487798984,
  "jitter_ms_p95_p50": 0.14984650078986306,
  "lat_ms_min": 0.07858699973439798,
  "lat_ms_max": 0.8879039996827487,
  "overrun_rate": 0.0,
  "headroom_mean": 0.9998018598631417,
  "headroom_p95": 0.9996584994987643,
  "rss_mb_max": 53.837824,
  "rss_mb_p50": 53.837824,
  "rss_mb_p95": 53.837824,
  "cpu_util_pct_appx": 0.06541802913139907,
  "runtime_name": "LiteRT",
  "ts": 1755215169,
  "model_path": "/models/TinyFormer/TinyFormer_fp32.tflite",
  "stream_path": "/data/streams/edge_stream_high.npy",
  "threads": 1,
  "out_dir": "/results/mimic_TinyFormer_fp32_high",
  "model_size_mb": 0.318
}