{
  "runs": 336,
  "tick_seconds": 1.0,
  "lat_ms_mean": 0.24027725293135085,
  "lat_ms_p50": 0.23727550251351204,
  "lat_ms_p95": 0.4102065022379975,
  "lat_ms_p99": 0.5640581028274025,
  "jitter_ms_p95_p50": 0.17293099972448545,
  "lat_ms_min": 0.09374199726153165,
  "lat_ms_max": 0.9603529979358427,
  "overrun_rate": 0.0,
  "headroom_mean": 0.9997597227470687,
  "headroom_p95": 0.999589793497762,
  "rss_mb_max": 54.222848,
  "rss_mb_p50": 54.222848,
  "rss_mb_p95": 54.222848,
  "cpu_util_pct_appx": 0.07136769525197192,
  "runtime_name": "LiteRT",
  "ts": 1755221580,
  "model_path": "/models/LiPFormer/LiPFormer_int8_full.tflite",
  "stream_path": "/data/streams/edge_stream_low.npy",
  "threads": 1,
  "out_dir": "/results/mimic_LiPFormer_int8_full_low",
  "model_size_mb": 0.15
}