{
  "runs": 336,
  "tick_seconds": 1.0,
  "lat_ms_mean": 0.22780856848146955,
  "lat_ms_p50": 0.22233849995245691,
  "lat_ms_p95": 0.36949850073142443,
  "lat_ms_p99": 0.5293285490552077,
  "jitter_ms_p95_p50": 0.14716000077896751,
  "lat_ms_min": 0.09317999865743332,
  "lat_ms_max": 0.8812650012259837,
  "overrun_rate": 0.0,
  "headroom_mean": 0.9997721914315185,
  "headroom_p95": 0.9996305014992686,
  "rss_mb_max": 54.501376,
  "rss_mb_p50": 54.501376,
  "rss_mb_p95": 54.501376,
  "cpu_util_pct_appx": 0.07433826860696856,
  "runtime_name": "LiteRT",
  "ts": 1755218543,
  "model_path": "/models/LiPFormer/LiPFormer_fp32.tflite",
  "stream_path": "/data/streams/edge_stream_low.npy",
  "threads": 1,
  "out_dir": "/results/mimic_LiPFormer_fp32_low",
  "model_size_mb": 0.469
}