{
  "runs": 336,
  "tick_seconds": 1.0,
  "lat_ms_mean": 0.24350895530135727,
  "lat_ms_p50": 0.23979899924597703,
  "lat_ms_p95": 0.41156000133923953,
  "lat_ms_p99": 0.5688128499969018,
  "jitter_ms_p95_p50": 0.1717610020932625,
  "lat_ms_min": 0.09415699969395064,
  "lat_ms_max": 0.7853140014049131,
  "overrun_rate": 0.0,
  "headroom_mean": 0.9997564910446987,
  "headroom_p95": 0.9995884399986608,
  "rss_mb_max": 53.592064,
  "rss_mb_p50": 53.592064,
  "rss_mb_p95": 53.592064,
  "cpu_util_pct_appx": 0.07136509270424207,
  "runtime_name": "LiteRT",
  "ts": 1755222255,
  "model_path": "/models/LiPFormer/LiPFormer_int8_full.tflite",
  "stream_path": "/data/streams/edge_stream_high.npy",
  "threads": 1,
  "out_dir": "/results/mimic_LiPFormer_int8_full_high",
  "model_size_mb": 0.15
}