{
  "runs": 336,
  "tick_seconds": 1.0,
  "lat_ms_mean": 0.19481601777572774,
  "lat_ms_p50": 0.18268149869982153,
  "lat_ms_p95": 0.3421337505642441,
  "lat_ms_p99": 0.5754887488365054,
  "jitter_ms_p95_p50": 0.15945225186442258,
  "lat_ms_min": 0.07962400195538066,
  "lat_ms_max": 0.7783809996908531,
  "overrun_rate": 0.0,
  "headroom_mean": 0.9998051839822243,
  "headroom_p95": 0.9996578662494358,
  "rss_mb_max": 53.444608,
  "rss_mb_p50": 53.444608,
  "rss_mb_p95": 53.444608,
  "cpu_util_pct_appx": 0.06244125248126581,
  "runtime_name": "LiteRT",
  "ts": 1755223267,
  "model_path": "/models/LiteFormer/LiteFormer_fp32.tflite",
  "stream_path": "/data/streams/edge_stream_high.npy",
  "threads": 1,
  "out_dir": "/results/mimic_LiteFormer_fp32_high",
  "model_size_mb": 0.368
}